date,revenue,cost,operating_expenses,marketing_expenses
01-01-2023,10496.71,5735.39,3795.98,656.02
02-01-2023,9866.74,4254.53,2174.25,1366.18
03-01-2023,11589.21,4683.4,4909.73,1332.44
04-01-2023,10782.43,4770.88,2545.47,683.4
05-01-2023,10261.96,4991.31,2873.69,1111.85
06-01-2023,8111.72,3470.99,2876.43,866.36
07-01-2023,11495.65,5057.34,3542.7,1092.41
08-01-2023,9809.22,4014.82,3822.63,670.52
09-01-2023,9439.36,5067.49,3320.46,622.04
10-01-2023,9753.31,4867.24,2103.17,1409.32
11-01-2023,10872.54,5026.84,3560.2,1046.71
12-01-2023,8834.16,3860.27,4908.75,1275.13
13-01-2023,10798.47,4510.5,2587.95,545.23
14-01-2023,10236.37,4760.59,3166.03,771.35
15-01-2023,9609.36,4383.66,3628.09,640.92
16-01-2023,11132.12,6238.88,2223.65,1486.89
17-01-2023,9403.08,3771.62,4446.38,1206.86
18-01-2023,10696.68,5838.26,4313.81,574.04
19-01-2023,9250.78,5297.19,3869.89,830.9
20-01-2023,9785.79,4038.71,2932.95,825.18
21-01-2023,10912.53,6301.36,3416.64,619.59
22-01-2023,11461.24,6219.43,4282.36,1061.28
23-01-2023,10074.17,5082.89,3282.62,525.42
24-01-2023,11679.64,4923.88,2094.29,1136.41
25-01-2023,10211.76,5938.27,2747.88,910.38
26-01-2023,8137.43,4484.62,2686.39,576.98
27-01-2023,9321.51,5461.84,4424.36,1133.4
28-01-2023,9633.24,5532.3,4411.02,686.57
29-01-2023,10237.08,5748,4688.27,818
30-01-2023,11113.64,4690.07,2683.81,927.11
31-01-2023,10446.12,4192.97,3532.24,917.41
01-02-2023,10416.06,4629.12,2359.6,837.62
02-02-2023,9998.71,5036.93,4109.06,863.63
03-02-2023,10569.05,6281.78,4887.34,751.78
04-02-2023,8251.23,3770.55,2110.66,1109.56
05-02-2023,10148.49,5079.68,2154.44,778.65
06-02-2023,9987.64,4284.49,3468.36,1485.65
07-02-2023,10486.55,4702.28,4016.41,1261.62
08-02-2023,10981.03,5200.14,3896.92,1133.53
09-02-2023,9285.61,4709.24,2270.87,1335.3
10-02-2023,9209.46,3758.89,3772.68,1177.56
11-02-2023,9638.7,3887.46,3536.28,726.5
12-02-2023,9147.7,4923.18,3160.21,1436.73
13-02-2023,10688.59,4569.42,3023.2,613.47
14-02-2023,11033.52,6216.77,3665.6,1029.65
15-02-2023,8994.14,4032.7,2279.31,1397.22
16-02-2023,10489.88,4907.23,3047.63,1225.96
17-02-2023,11016.82,6383.39,4661.26,1279.88
18-02-2023,9559.98,4133.02,4695.66,1106.43
19-02-2023,10477.25,4210.17,2304.41,1163.5
20-02-2023,12115.77,6426.11,2672.81,1212.18
21-02-2023,10728.83,4800.61,2976.2,1246.49
22-02-2023,11223.38,5965.48,3704.93,593.67
23-02-2023,10677.78,5056.39,2795.61,743.99
24-02-2023,10192.9,5895.67,3893.42,1294.81
25-02-2023,10616.15,5313.68,3730.71,992.52
26-02-2023,10905.67,4974.67,2072.95,1145.47
27-02-2023,9427.84,4105.09,4821.38,1453.93
28-02-2023,10066.54,4057.73,4784.96,928.18
01-03-2023,11009,6531.98,4890.86,1353.01
02-03-2023,9453.21,5390.48,2950.77,669.49
03-03-2023,8790.15,4494.93,4808.46,1196.03
04-03-2023,9426.14,4929.89,4970.16,640.08
05-03-2023,10468.73,5272.74,4632.12,1240.77
06-03-2023,11403.05,5381.08,2880.78,1309.36
07-03-2023,11378.8,6395.14,4601.22,1413.24
08-03-2023,10845.05,6069.53,3949.89,1201.97
09-03-2023,14187.73,7933.19,4670.02,838
10-03-2023,9567.17,4933.37,2107.83,965.6
11-03-2023,10108.18,5140.3,2859.62,1090.83
12-03-2023,9878.07,4202.25,3566.73,1269.99
13-03-2023,11443.95,5071.55,3868.67,585.35
14-03-2023,10405.57,5287.35,3912.29,1226.09
15-03-2023,9713.4,5781.13,3548.9,822.96
16-03-2023,9708.21,4735.61,2235.37,525.35
17-03-2023,11227.43,6652.59,4507.94,1195.97
18-03-2023,9179.7,3959.09,2750.73,1049.23
19-03-2023,10050.5,5456.61,3980.59,779.93
20-03-2023,12512.16,6054.88,2743.19,855.97
21-03-2023,11427.47,6303.04,2043.18,616.07
22-03-2023,10843.82,5365.9,2293.5,991.62
23-03-2023,11179.63,5530.5,2519.61,933.85
24-03-2023,12042.41,6346.58,2135.91,874.61
25-03-2023,8984.86,4718.6,3509.41,1356.49
26-03-2023,9438.49,3908.61,3927.26,526.51
27-03-2023,10887.1,5630.32,4820.69,1075.47
28-03-2023,12016.02,5907.68,3636.85,1441.46
29-03-2023,9197.18,4389.09,4883.57,1405.35
30-03-2023,10720.99,4441.04,2956.93,1344.88
31-03-2023,9822.3,3974.64,4443.41,781.85
01-04-2023,10807.02,5682.21,4632.42,1235.07
02-04-2023,9762.09,5473.57,2846.1,677.44
03-04-2023,11207.29,6703.09,3237.85,872.02
04-04-2023,11075.37,6149.96,3022.41,1430.76
05-04-2023,10252.32,5640.56,4263.63,603.12
06-04-2023,11573.78,6718.7,3515.76,1326.46
07-04-2023,11161.95,5333.63,2032.51,1405.38
08-04-2023,10174.73,4255.66,2957.94,1450.06
09-04-2023,10587,5572.65,3345.34,793.21
10-04-2023,11090.16,5165.05,4017.56,1252.37
11-04-2023,11124.12,4652.57,3483.26,557.56
12-04-2023,11133.35,5676.96,3324.59,1387.7
13-04-2023,9684.5,4150.76,4284.53,1118.22
14-04-2023,10193.61,4283.61,2252.32,1200.97
15-04-2023,10048.96,4190.09,4959.92,874.27
16-04-2023,10757.05,5100.22,4438.4,1447.25
17-04-2023,9811.56,5449.63,3675.21,924.22
18-04-2023,10321.55,5999.62,2333.59,992.63
19-04-2023,10521.49,4327.07,2356.45,617.53
20-04-2023,10256.34,5434.24,4238.13,1083.37
21-04-2023,10441.24,4773.13,4605.8,723.6
22-04-2023,10956.71,6493.44,2036.46,1469.88
23-04-2023,10784.09,4472.8,3661.56,1469.3
24-04-2023,10577.59,5337.66,3888.2,1195.75
25-04-2023,12723.18,6576.14,4703.47,545.45
26-04-2023,9807.65,4474.18,4851.23,1390.26
27-04-2023,12769.8,5816.34,2564.36,963.7
28-04-2023,9776.7,4601.6,3750.97,577.73
29-04-2023,10931.76,5049.44,4441.39,1184.73
30-04-2023,12471.17,5394.07,4732.78,1322.54
01-05-2023,9279.77,5443.01,4598.19,545.22
02-05-2023,12436.46,5040.17,3129.39,1310.55
03-05-2023,8896.87,5284.59,4526.36,1338.33
04-05-2023,11968.87,5909.49,3244.46,773.41
05-05-2023,10625.24,5884.23,4834.3,1349.65
06-05-2023,10671.98,4796.73,3351.63,629.16
07-05-2023,10750.3,4791.71,4015.1,1118.13
08-05-2023,11149.44,5258.44,2340.67,1171.57
09-05-2023,12191.15,6144.74,4556.54,1051.91
10-05-2023,10760.67,5511.48,4629.96,903.48
11-05-2023,11295.38,6108.72,2638.89,636.37
12-05-2023,12023.63,4844.43,3051.76,1089.92
13-05-2023,9476.74,5504.39,3044.77,1013.99
14-05-2023,8625.77,4802.23,3189.63,1122.09
15-05-2023,8966.62,4410.03,4940.1,992.62
16-05-2023,10619.45,4946.01,3900.2,740.15
17-05-2023,11046.6,4820.47,3037,1396.79
18-05-2023,9745.12,4821.81,4002.67,672.32
19-05-2023,10159.74,4423.57,2266.11,620.64
20-05-2023,9902.13,4873.39,2619,864.27
21-05-2023,12664.73,5165.47,4398.23,1127.9
22-05-2023,10740.26,4471.73,4620.74,1420.87
23-05-2023,10597.67,5947.84,4244.78,684.52
24-05-2023,10494.03,4637,3111.42,984.52
25-05-2023,9204.81,4533.43,4242.41,536.68
26-05-2023,12091.87,5447.24,4140.05,1395.21
27-05-2023,13808.88,5819.54,3342.24,1032.62
28-05-2023,11854.57,5316.71,2807.73,877.28
29-05-2023,10093.43,4279.13,4671.58,1093.59
30-05-2023,9663.45,5177.88,4367.51,998.44
31-05-2023,10827.37,5601.74,4236.32,931.66
01-06-2023,9893.72,4209.93,2851.33,863.08
02-06-2023,11686.18,5506.75,4959.55,1105.77
03-06-2023,12674.42,5671.11,2305.35,652.86
04-06-2023,10119.36,4425.33,2855.29,673.37
05-06-2023,10287.87,5960.31,2240.7,1024.51
06-06-2023,11050.46,4667.8,3193.57,1469.47
07-06-2023,10734.76,6152.11,4451.22,757.9
08-06-2023,11290.92,6615.07,3670.29,1071.61
09-06-2023,9817.44,4476.71,4308.48,687.04
10-06-2023,10036.74,5033.65,2727.23,614.84
11-06-2023,9000.12,4699.18,2865.89,1081.24
12-06-2023,10743.92,5441.99,2155.47,836.6
13-06-2023,9603.98,4099.78,2190.12,1489.96
14-06-2023,11826.29,5332.81,4044.51,1260.23
15-06-2023,10248.11,5320.08,3414.73,911.84
16-06-2023,11407.07,6457.82,4895.08,624.3
17-06-2023,10631.95,5806.89,4815.02,681.23
18-06-2023,10926.59,5626.04,4525.49,639.77
19-06-2023,10689.32,5975.9,2604.88,663.66
20-06-2023,11244.45,5993.74,3569.2,858.83
21-06-2023,10434.02,6004.15,3177.34,1316.6
22-06-2023,8821.88,4345.09,2904.13,1247.61
23-06-2023,9856.91,4933.82,2696.64,1399.57
24-06-2023,11699.41,6800.8,3872.71,616.9
25-06-2023,8663.86,5094.06,3883.12,834.91
26-06-2023,11218.5,5878.66,3600.38,1393.89
27-06-2023,10469.71,5839.16,2455.02,811.72
28-06-2023,11720.34,4766.74,3709.67,1262.46
29-06-2023,10038.92,5775.92,3026.25,1321.26
30-06-2023,10630.13,5947.12,2449.75,729.25
01-07-2023,9926.24,5404.34,4160.11,1141.15
02-07-2023,11323.43,5099.62,3037.09,681.6
03-07-2023,12791.8,7440.86,3750.18,900.85
04-07-2023,11574.37,4984.74,3758.69,1005.89
05-07-2023,10869.42,5677,2054.33,1372.12
06-07-2023,11039.39,5953.88,4767.5,1207.24
07-07-2023,11660.77,5020.05,3728.87,1106.72
08-07-2023,12533.19,7355.39,4776.71,950.84
09-07-2023,10433.78,4409.81,4954.52,1338.9
10-07-2023,11005.72,5703.77,3197.01,554.76
11-07-2023,12049.19,5627.45,4408.56,504.63
12-07-2023,9947.9,5048.35,4759.57,846.35
13-07-2023,9310.14,4370.09,4212.5,952.22
14-07-2023,10710.41,4585.89,2529.16,998.37
15-07-2023,9471.86,4582.34,4744.54,862.39
16-07-2023,12828.96,5165.18,3990.61,678.04
17-07-2023,12111.57,7172.64,2445.99,914.62
18-07-2023,13563.36,5607.3,4249.88,709.91
19-07-2023,11054.22,6407.15,2615.42,690.69
20-07-2023,10967.25,5625.85,2197.13,1275.53
21-07-2023,10461.58,5133.05,3573.17,940.76
22-07-2023,12256.09,5282.96,2545.78,1361.79
23-07-2023,8941.61,5268.6,3119.93,770.74
24-07-2023,9909.42,4014.08,2468.46,1215.97
25-07-2023,12777.27,6794.76,2081.29,721.97
26-07-2023,11751.67,4747,2312.33,1299.92
27-07-2023,9905.95,4316.11,3958.24,738.18
28-07-2023,10799.67,5879.92,4567.09,1330.22
29-07-2023,10670.18,5115.68,4004.26,704.98
30-07-2023,11643.1,4687.52,2256.53,707.89
31-07-2023,10745.45,4355.2,2544.31,1083.04
01-08-2023,11984.03,6752.86,3025.45,759.42
02-08-2023,10880.1,5178.26,3770.88,768.06
03-08-2023,9789.57,4996.69,3308.38,794.47
04-08-2023,12829.79,7565.61,4290.82,640.11
05-08-2023,11042.37,6392.54,4399.57,925.21
06-08-2023,12188.3,4930.09,2806.03,1041.63
07-08-2023,9741.81,4168.24,4504.79,1484.4
08-08-2023,11838.26,5979.96,2515.04,772.31
09-08-2023,11295.85,5137.48,3662.53,1151.42
10-08-2023,10126.63,5731.15,2619.26,511
11-08-2023,11366.03,5911.51,3995.11,675.37
12-08-2023,12097.69,7051.53,3256.31,883.14
13-08-2023,10495.18,4547.11,4214.1,582.8
14-08-2023,11151.09,5805.6,2736.05,889.3
15-08-2023,10206.77,5550.53,2891.37,1066.4
16-08-2023,9783.32,4844.8,3991.01,1436.83
17-08-2023,10281.64,4176.78,2786.79,1095.08
18-08-2023,11845.31,4859.95,3489.1,1096.84
19-08-2023,12299.27,5181.93,2225.41,1228.19
20-08-2023,10451.82,5216.49,4065.21,934.83
21-08-2023,11867.75,6644.55,4084.09,772.15
22-08-2023,10602.53,5492.6,3082.92,591.58
23-08-2023,11095.57,4849.06,3625.7,1372.95
24-08-2023,11795.67,6445.69,4419.68,1158.78
25-08-2023,12013.92,5405.47,3468.27,721.21
26-08-2023,11644.18,6957.79,4832.18,539.43
27-08-2023,11619.62,5067.49,3703.84,1415.49
28-08-2023,11402.69,4638.49,4092.26,797.35
29-08-2023,11160.44,6388.33,4533.65,819.1
30-08-2023,11886.5,6725.18,2111.02,1096.27
31-08-2023,10775.5,4476.04,4088.87,839.87
01-09-2023,10905.83,5943.17,2196.07,815.29
02-09-2023,12666.98,5874.32,3877.67,1385.98
03-09-2023,11421.55,5975.44,2698.88,524.4
04-09-2023,11312.28,6649.51,4396.35,1497.93
05-09-2023,12300.48,5782.98,4301.56,901.93
06-09-2023,13538.9,7781.28,4952.25,1268.27
07-09-2023,10882.16,5262.11,3264.07,1237.58
08-09-2023,10829.81,5100.02,2861.72,796.31
09-09-2023,10973.22,4901.97,2126.28,517.87
10-09-2023,11225.32,5352.96,4038.94,718.25
11-09-2023,11499.21,6784.45,4359.04,589.41
12-09-2023,12254.32,7217.14,3402.2,1113.41
13-09-2023,11061.01,4793.92,4973.51,731.67
14-09-2023,11446.45,5969.87,3538.07,730.67
15-09-2023,11777.45,5126.79,2661.46,686.44
16-09-2023,10652.61,4384.28,4907.31,1383.79
17-09-2023,12484.02,7310.02,4984.72,673.9
18-09-2023,12720.5,6858.95,2461.69,1315.83
19-09-2023,10734.25,4775.54,2671.45,1036.97
20-09-2023,12857.51,5378.26,4632.38,765.6
21-09-2023,13110.88,5583.96,4666.24,1455.65
22-09-2023,11605.87,6163.28,3652.57,586.99
23-09-2023,11659.46,5616.25,3118.07,759.75
24-09-2023,11296.87,4701.86,2660.55,1183.26
25-09-2023,13129.56,5451.74,4553.62,995.15
26-09-2023,13866.93,7833.93,3043.43,1178.02
27-09-2023,10814.13,5549.23,2801.08,1378.63
28-09-2023,11940.65,6807.56,4601.88,1208.36
29-09-2023,12463.7,7071.94,4092.41,1180.14
30-09-2023,12742.16,5501.06,4642.61,1371.84
01-10-2023,12013.71,4875.76,4477.45,628.87
02-10-2023,12576.51,5434.96,4453.9,1332.13
03-10-2023,10558.06,5294.8,2019.16,787.04
04-10-2023,11571.1,6090.6,2779.41,1134.01
05-10-2023,11431.44,5807.14,4339.54,606.98
06-10-2023,11639.38,6897.48,3025.62,1132.62
07-10-2023,12972.45,7607.12,2307.53,1437.23
08-10-2023,10953.57,5040.75,4124.52,567.35
09-10-2023,11599.09,5990.17,3037.65,1120.92
10-10-2023,10851.08,5986.03,2073.76,522.12
11-10-2023,11792.21,5480.1,3465.93,1270.41
12-10-2023,10864.8,4940.5,4991.37,926.18
13-10-2023,13306.16,6523.71,2490.87,1294.81
14-10-2023,10408.77,4335,4041.5,1154.51
15-10-2023,12143.36,5521,4852.59,651.06
16-10-2023,12090.2,5851,3915.58,897.59
17-10-2023,11345.82,5160.57,4951.93,909.33
18-10-2023,11208.76,4961.23,2093.4,1151.67
19-10-2023,11807.06,5593.06,4593.07,973.21
20-10-2023,11802.73,6540.89,4534.35,1261.02
21-10-2023,11921.75,6261.83,2393.73,532.53
22-10-2023,11666.52,6525.17,3444.57,617.31
23-10-2023,12184,5178.65,4056.7,930.31
24-10-2023,11439.84,4722.84,3745.91,768.99
25-10-2023,10054.22,5625.46,2931.09,955.22
26-10-2023,11037.69,5739.65,2874.99,1194.98
27-10-2023,9071.12,5188.9,4339.55,539.62
28-10-2023,10533.02,4723.1,4959.99,642.5
29-10-2023,11457.29,5726.1,3854.47,1202.46
30-10-2023,11289.04,5252.7,3553.13,587.87
31-10-2023,11541.89,5426.13,2099.61,578.58
01-11-2023,13518.38,6941.8,4068.39,1300.59
02-11-2023,14243.9,6267.74,2502.45,604.57
03-11-2023,15929.36,6472.37,4808.64,551.97
04-11-2023,15459.63,7857.5,4127.18,1370.97
05-11-2023,15435.19,7221.97,4444.48,580.11
06-11-2023,15180.17,8788.76,3642.78,1317.3
07-11-2023,16625.26,8400.42,4194.77,581.63
08-11-2023,13865.81,5713.69,2741.31,659.54
09-11-2023,14239.65,8475.06,3010.69,682.12
10-11-2023,14989.17,8363.05,3976.12,998.2
11-11-2023,16297.54,7263.67,4989,1474.79
12-11-2023,15011.32,7956.98,2598.63,1180.23
13-11-2023,14322.62,8216.24,4181.51,1242.71
14-11-2023,12916.42,6265.74,3037.8,871.04
15-11-2023,14814.45,7225.35,4175.77,986.67
16-11-2023,15642.1,8989.27,4702.11,921.72
17-11-2023,15252.32,8884.06,2631.99,1122.97
18-11-2023,13028.61,6857.11,4199.34,631.57
19-11-2023,15104.03,6584.4,2712.63,1471.4
20-11-2023,14875.67,6488.7,4563.16,992.28
21-11-2023,15163.6,7415.93,3544.45,859.23
22-11-2023,14254.39,7392.18,2490.57,891.08
23-11-2023,13335.32,7397.03,2392.62,1469.82
24-11-2023,15795.83,7751.93,2708.15,573.5
25-11-2023,14716.82,6878.65,4486.65,930.89
26-11-2023,13362.01,6009.47,3851.43,1206.78
27-11-2023,14301.35,5825.43,4209.21,1163.8
28-11-2023,14305.74,7080.29,4532.51,1305.67
29-11-2023,15690.28,6922.05,2335.76,769.75
30-11-2023,14903.79,6131.68,3593.51,1436.61
01-12-2023,15402.64,7134.98,3521.7,541.57
02-12-2023,14594.28,6270.71,4959.89,1465.12
03-12-2023,15596.33,7656.99,3546.79,988.85
04-12-2023,15031.49,8017.39,2418.95,529.97
05-12-2023,15798.18,6957.06,4020.3,1469.91
06-12-2023,13655.09,5718.48,4017.81,943.75
07-12-2023,14509.32,7813.63,4514.35,1444.61
08-12-2023,14922.43,8008.12,3491.52,1117.85
09-12-2023,14911.1,6055.06,4792.85,1189.53
10-12-2023,15765.65,8439.4,2647.03,1158.89
11-12-2023,16353.43,6890,3973.54,1499.41
12-12-2023,13578.65,5562.39,4931.52,906.91
13-12-2023,15051.36,7727.42,4215.35,1378.52
14-12-2023,15156.92,7287.87,2981.1,1167.59
15-12-2023,15337.4,8582.24,3306.75,1317.83
16-12-2023,15446.17,6549.82,3633.47,505.76
17-12-2023,13653.72,6543.34,4086.4,888.56
18-12-2023,13314.95,6520.85,2712.63,873.25
19-12-2023,16402.02,8592.98,3390.48,879.79
20-12-2023,15774.82,9033.71,3557.25,979.18
21-12-2023,13380.43,6904.76,3600.81,1107.91
22-12-2023,13129.6,7260.36,4438.96,1218.12
23-12-2023,15538.93,6972.26,4781.1,560.27
24-12-2023,15066.19,8842.15,3054.87,601.42
25-12-2023,13097.04,5985.02,2921.87,1303.03
26-12-2023,14696.66,7463.44,2933.92,1110.33
27-12-2023,13810.37,6666.4,2365.66,681.15
28-12-2023,15745.77,8443.25,2544.32,1025.16
29-12-2023,14208.63,7295.6,2769.69,1462.93
30-12-2023,15134.78,7517.58,4417.98,1050.23
31-12-2023,14945.22,8821.88,3804.84,1319.19
01-01-2024,11395.59,6573.45,2684.24,712.04
02-01-2024,10427.39,5922.47,4700.07,853.42
03-01-2024,13584.58,6077.39,4341.58,774.81
04-01-2024,11545.05,6159.4,2286.61,1123.86
05-01-2024,13092.74,6420.07,3759.83,668.01
06-01-2024,12483.78,5534.66,2287.14,523.64
07-01-2024,12268.8,6482.76,3821.28,1046.7
08-01-2024,11302.51,5864.82,3490.3,1487.79
09-01-2024,10495.2,4484.47,4085.43,904.32
10-01-2024,13547.7,7295.26,4973.77,628.39
11-01-2024,11321.41,4764.3,4173.02,1078.39
12-01-2024,11500.87,4797.38,4682.57,691.87
13-01-2024,11681.42,5428.06,2679.97,855
14-01-2024,11924.08,4930.88,4401.07,733.71
15-01-2024,11125.03,5651.54,4640.24,1150.88
16-01-2024,9906.26,4622.27,4008.46,1494.14
17-01-2024,12279.06,6536.97,3673.35,1230.65
18-01-2024,11204.99,5742.1,4872.88,675.3
19-01-2024,11859.23,6380.28,2602.8,1035.83
20-01-2024,11808.77,6509.38,3042.71,1164.91
21-01-2024,11021.09,6161.78,4781.53,734.64
22-01-2024,10837.69,6486.32,4781,1039.96
23-01-2024,11618.59,6604.08,3562.87,1123.59
24-01-2024,12132.05,5162.7,4478.2,1282.03
25-01-2024,11635.88,6303.73,2108.48,803.13
26-01-2024,11164.01,4661.29,4810.87,1053.8
27-01-2024,10623.77,4898.67,3190.94,947.2
28-01-2024,12348.58,7210.07,3490.89,1492.16
29-01-2024,14458,8245.18,2625.53,1430.6
30-01-2024,12051.83,5738.17,4633.92,1368.06
31-01-2024,11876.11,6664.7,4370.09,804.68
01-02-2024,11805.04,5131.71,4084.85,846.1
02-02-2024,11229.25,6682.78,3922.92,1322.48
03-02-2024,11964.97,6236.75,4294.43,674.84
04-02-2024,12812.77,6412.96,3195.99,646.37
05-02-2024,11390.49,4615,2405.5,1463.12
06-02-2024,11818.03,6026.08,4897.47,932.5
07-02-2024,12074.47,5891.16,2316.99,1140.83
08-02-2024,10039.53,4449.6,3858.76,1150.2
09-02-2024,11806.56,4859.97,4984.6,557.78
10-02-2024,13515.73,7285.07,4951.04,739.18
11-02-2024,11416.6,6147.06,2186.88,1009.42
12-02-2024,11732.53,7031.77,4441.91,1115.22
13-02-2024,12989.55,6565.03,3278.25,630.71
14-02-2024,10560.1,6096.57,3349.35,694.62
15-02-2024,10879.89,6152.66,4200.84,1269.3
16-02-2024,10253.02,4123.83,3248.46,981.34
17-02-2024,11513.76,5838.19,2645.61,512.12
18-02-2024,12456.8,5583.64,4927.62,1301.54
19-02-2024,12054.69,5086.44,3643.88,954.38
20-02-2024,12654.29,7198.66,2294.25,988.24
21-02-2024,11636.72,6370.77,3428.05,875.89
22-02-2024,11200.2,5363.72,3378.34,1285.02
23-02-2024,11420.93,6140.2,3312.81,754.67
24-02-2024,13134.9,7462.92,2115.28,1401.76
25-02-2024,14257.31,7583.05,4685.35,1136.67
26-02-2024,11499.29,6011.67,2199.96,1018.41
27-02-2024,12569.97,6315.71,4040.68,541.67
28-02-2024,11437.28,4768.87,4148.97,572.08
29-02-2024,10772.87,5062.61,4323.96,1161.37
01-03-2024,11153.39,4874.47,2522.33,598.4
02-03-2024,13315.7,6032.14,2062.83,582.17
03-03-2024,12853.95,7629.75,2886.33,1269.22
04-03-2024,10718.19,4728.19,2364.16,1115.01
05-03-2024,13646.33,7572.72,3931.71,1030.3
06-03-2024,11506.48,6857.79,3805.64,1082.42
07-03-2024,13082.84,7190.52,4435.31,1156.48
08-03-2024,11795.05,6907.38,2673.85,872.17
09-03-2024,11325.79,5509.04,3318.21,1112.94
10-03-2024,11948.75,6899.03,3937.43,785.91
11-03-2024,11898.19,6700.93,4584.11,1346.51
12-03-2024,12012.88,6619.2,3381.62,1342
13-03-2024,12467.58,6803.54,4329.34,1156.16
14-03-2024,12371.02,7384.68,4812.16,543.17
15-03-2024,10898.17,4718.5,2395.19,1225.98
16-03-2024,11671.38,5849.35,4522.11,1232.8
17-03-2024,12791.36,6503.74,3771.04,1008.36
18-03-2024,12775.51,6870.38,4619.97,1136.29
19-03-2024,10454.24,5773.08,2480.21,961.56
20-03-2024,12010.98,6726.32,2612.11,1055.08
21-03-2024,11374.48,6217.45,3847.96,688.02
22-03-2024,13426.63,6858.93,2015.69,1260.99
23-03-2024,11625.22,4732.19,4237.2,702.48
24-03-2024,12119.05,5640.04,2446.66,805.6
25-03-2024,12664.53,7286.29,4989,868.31
26-03-2024,13976.96,8068.05,3779.13,891.53
27-03-2024,11855.36,5720.5,4086.85,503.22
28-03-2024,10734.34,5998.77,2278.97,1088.2
29-03-2024,13527.58,6712.31,3926.98,564.85
30-03-2024,13812.11,7073.62,3810.46,1176.47
31-03-2024,14281.09,8011.66,2809.46,1325.05
01-04-2024,11461.8,4718.94,3002.71,1284.9
02-04-2024,12281.63,6650.94,4365.84,1017.27
03-04-2024,11148.31,5191.08,3302.06,588.6
04-04-2024,12101.34,5374.48,3794.68,1235.66
05-04-2024,11275.81,5945.01,4356.95,618.34
06-04-2024,14159.09,6824.41,4519.41,883.83
07-04-2024,14194.59,6201.55,3086.71,834.51
08-04-2024,13858.24,5615.91,2072.58,1331.7
09-04-2024,12460.89,5728.83,4822.04,759.3
10-04-2024,10556.56,5129.76,4618.19,1341.93
11-04-2024,12843.6,6314.39,3448.91,633.48
12-04-2024,11802.3,4911.18,4183.82,996.46
13-04-2024,14001.26,7744.13,2476.72,1110.23
14-04-2024,11887.9,5076.98,4254.13,1156.96
15-04-2024,12249.85,5541.11,2740.94,1406.25
16-04-2024,12151.33,5466.99,2815.85,1259.4
17-04-2024,13852.69,5722.17,3462.71,533.61
18-04-2024,12093.88,4989.09,4719.31,639.25
19-04-2024,9945.76,4669.22,4699.5,521.82
20-04-2024,13259.05,7063.86,4890.18,1060.17
21-04-2024,10817.45,5908.11,4943.89,756.53
22-04-2024,11855.95,6293.55,2594.29,1065.33
23-04-2024,12856.43,6707.27,3048.52,614.1
24-04-2024,12359.36,5317.61,2675.95,750.97
25-04-2024,12600.57,6359.23,2344.31,1360.14
26-04-2024,13553.64,7380.81,2203.01,1207.84
27-04-2024,11582.41,5694.61,3454.09,665.77
28-04-2024,12501.14,7364.92,4549.93,1169.02
29-04-2024,10057.07,5332.2,3636.3,562.27
30-04-2024,11415.27,5736.18,4419.21,959.24
01-05-2024,11784.04,5101.8,2990.65,1256.75
02-05-2024,11635.81,5863.02,2614.64,1377.83
03-05-2024,12148.19,7252.44,4316.04,527.17
04-05-2024,10881.81,4494.63,3391.79,1409.22
05-05-2024,12269.52,5166.63,3970.34,1322.1
06-05-2024,15648.11,7449.81,4326.84,1464.48
07-05-2024,12573.27,5751.36,4378.56,1077.59
08-05-2024,11026.72,5810.16,4393.74,895.97
09-05-2024,12537.86,5411.23,4087.7,1293.26
10-05-2024,13327.77,6175.46,4571.54,1406.14
11-05-2024,12145.22,5305.58,4681.97,1154.29
12-05-2024,12081.35,5200.07,3320.97,1115.3
13-05-2024,12514.22,7426.25,3253.28,1484.11
14-05-2024,13907.22,7420.67,3904.01,665.95
15-05-2024,12312.86,5324.65,2037.82,1059.76
16-05-2024,13490.73,6819.29,4158.06,1390.26
17-05-2024,12704.38,5557.94,4574.53,1319.06
18-05-2024,12161.83,6180.14,4130.73,814.35
19-05-2024,13837.12,6805.83,3073.39,994.21
20-05-2024,12406.93,7017.98,3005.62,673.76
21-05-2024,13370.62,5617.37,2719.62,641.97
22-05-2024,13081.73,6143.03,3351.05,1248.83
23-05-2024,13757.16,6472.4,4524.34,971.29
24-05-2024,14066.32,8381.01,3902.43,626.26
25-05-2024,11370.96,6109.22,2208.92,674.88
26-05-2024,13742.68,7849.1,2681.54,1337.04
27-05-2024,13431.3,7237.19,3537.96,805.31
28-05-2024,11219.02,4964.74,2099.57,803.95
29-05-2024,13083.91,7513.31,4298.19,1288.45
30-05-2024,12754.58,6798.15,2780.86,1407.2
31-05-2024,13252.57,5595.21,3341.17,960.36
01-06-2024,14484.88,8298.57,3639.94,880.4
02-06-2024,12054.67,6605.73,4754.23,780.04
03-06-2024,12504.47,7148.41,2876.65,1410.77
04-06-2024,13338.81,5383.56,4888.43,1226.67
05-06-2024,13220.37,6093.93,4488.18,781.52
06-06-2024,12977.29,5441.47,2725.68,512.4
07-06-2024,14453.18,7136.31,2903.8,1098.36
08-06-2024,11566.32,6345.73,2144.43,1402.89
09-06-2024,11557.2,6592.84,4003.41,1093.22
10-06-2024,12525.55,7000.73,2104.01,1082.81
11-06-2024,12466.18,7468.33,4567.09,1021.45
12-06-2024,11712.65,4904.92,4728.88,1169.2
13-06-2024,12883.37,7290.15,4636.94,1071.77
14-06-2024,9946.77,4609.23,3303.79,1273.88
15-06-2024,13332.88,6938.22,4677.57,943.38
16-06-2024,14272.28,7397.88,4107.9,737.43
17-06-2024,13979.91,7024.53,2312.67,884.51
18-06-2024,14840.94,8757.73,3801.95,1243.59
19-06-2024,12499.11,6265.22,3902.31,570.93
20-06-2024,11937.53,5903.09,2136.95,640.02
21-06-2024,11364.98,5175.19,4914.6,831.35
22-06-2024,11283.68,5891.84,2842.05,706.99
23-06-2024,12611.89,6347.75,2016.52,507.66
24-06-2024,12390.79,6945.25,3716.15,1012.67
25-06-2024,11952.84,5482.74,4795.26,897.02
26-06-2024,12923.2,5463.51,3035.67,1007.41
27-06-2024,11963.03,6876.88,3480.64,1202.26
28-06-2024,12011.59,5818,3233.06,1407.61
29-06-2024,11211.29,6085.56,3823.72,809.37
30-06-2024,12246.94,5529.76,2178.57,1103.8
01-07-2024,12881.79,6921.62,2343.46,883.84
02-07-2024,10588.18,4491.56,3256.84,1251.18
03-07-2024,12025.85,4981.12,2240.54,854.77
04-07-2024,12918.65,6920.96,3085.76,1093.66
05-07-2024,13196.94,5305.52,3908.29,1413.29
06-07-2024,13713.14,7470.84,2361.68,1402.45
07-07-2024,13052.12,5394.3,3601.9,642.14
08-07-2024,12736.77,5846.28,3458,1077.2
09-07-2024,12566.88,5136.69,2369.01,1058.64
10-07-2024,14045.71,7450.66,4536.81,1192.49
11-07-2024,11918.83,5792.38,4018.9,775.38
12-07-2024,13790.58,6747.51,4395.14,1322.42
13-07-2024,12124.38,6929.23,4749.91,930.99
14-07-2024,13593.49,6446.5,3803.22,1205.59
15-07-2024,11056.47,5944.85,3123.66,666.86
16-07-2024,11704.3,6765.31,3037.63,654.46
17-07-2024,12600.08,5104.16,3937.47,1136.9
18-07-2024,12257.83,5907.37,2933.65,1177.12
19-07-2024,12615.78,6574.79,3093.78,717.89
20-07-2024,12803.59,6883.91,2421.66,985.59
21-07-2024,13115.16,5318.29,3516.37,1464.02
22-07-2024,12403.61,5038.24,3163.96,660.02
23-07-2024,12735.39,5153.64,4268.64,958.52
24-07-2024,13410.92,5675.87,4867.76,813.97
25-07-2024,12559.52,7255.39,3808.83,1326.71
26-07-2024,12752.7,6084.34,3021.16,1041.41
27-07-2024,13312.72,5735.5,3661.13,1041.7
28-07-2024,13508.05,6593.12,2907,759.33
29-07-2024,13375.84,5870.99,2172.94,842.45
30-07-2024,10900.7,5625.78,2417.59,944.04
31-07-2024,13632.91,7160.64,3466.69,901.78
01-08-2024,13990.96,7333.11,2603.94,895.14
02-08-2024,14853.35,6058.56,3426.64,1043.02
03-08-2024,13153.74,6664.7,4609.91,630.65
04-08-2024,13372.69,7463.33,2374.46,1294.21
05-08-2024,13531.57,7967.5,2446.39,962.68
06-08-2024,12545.39,7479.53,3450.22,1363.55
07-08-2024,11146.97,5095.91,2609.67,1261.8
08-08-2024,14186.92,6771.53,3533.83,992.33
09-08-2024,13986.06,8337.76,3222.75,1327.52
10-08-2024,13158.24,7275.26,3720.59,1456.05
11-08-2024,12742.66,7273.41,3317.45,1346.97
12-08-2024,12793.73,7402.68,2187.37,1383.46
13-08-2024,13543.56,7114.68,4779.15,519.12
14-08-2024,10014.61,4960.92,4063.17,1222.71
15-08-2024,12187.12,5604.6,3076.15,1304.44
16-08-2024,13372.05,6094.34,2632.11,1457.45
17-08-2024,13923.13,6389.65,2042.95,1237.87
18-08-2024,13488.09,7645.44,4221.43,642.85
19-08-2024,13780.41,7327.16,4298.35,1345.92
20-08-2024,13739.29,7181.81,2265.81,987.63
21-08-2024,12826.93,6175.16,2198.03,848.82
22-08-2024,12250.1,5171.99,4424.71,1447.69
23-08-2024,11106.39,4613.29,3501.87,1294.52
24-08-2024,13218.29,7156.61,2150.68,572.9
25-08-2024,11402.44,5090.93,2843.01,1303.48
26-08-2024,12252.28,7177.94,3215.31,1406.11
27-08-2024,12755.49,5678.82,3921.43,1478.98
28-08-2024,11021.14,5738.69,3073.44,1147.82
29-08-2024,10010.49,5177.15,3874.35,571.78
30-08-2024,13218.85,7092.22,2725.8,1213.95
31-08-2024,13516.36,6900.1,3560.51,642.88
01-09-2024,13550.47,7521.45,2814.23,996.7
02-09-2024,12355.29,6497.79,2163,1248.65
03-09-2024,12645.72,5861.51,2000.4,1011.13
04-09-2024,12732.11,7230.15,2011.46,746.82
05-09-2024,13220.19,7247.05,2948.81,601.89
06-09-2024,11724.13,6665.66,2940.04,1288.93
07-09-2024,12255.74,7088.41,3301.45,1409.94
08-09-2024,13470.46,5628.74,4061.06,993.81
09-09-2024,12981.78,6199.19,3898.14,1203.86
10-09-2024,14055.4,8337.8,4283.11,1450.77
11-09-2024,14331.13,7746.09,2894.16,605.36
12-09-2024,13715.77,5618.49,3080.15,1456.8
13-09-2024,14308.88,7155.59,3298.19,957.7
14-09-2024,12559.46,5952.72,2157.07,1267.57
15-09-2024,11894.29,5748.52,4466.54,1350.35
16-09-2024,13742.21,6794.92,4640.47,715.74
17-09-2024,11986.17,6419.34,3823.26,795.3
18-09-2024,13506.41,7397.72,2946.88,1144.83
19-09-2024,12232.95,5859.9,4139.62,699.22
20-09-2024,12811.38,6066.92,2174.28,611.51
21-09-2024,13748.19,6917.71,2802.78,1335.48
22-09-2024,12921.4,6442.26,3212.87,1030.94
23-09-2024,12160.65,6311.7,2029.77,964.1
24-09-2024,13182.47,7059.32,2935.59,1273.99
25-09-2024,13712.12,7604.53,3563.89,1476.01
26-09-2024,13842.86,5869.95,2796.75,517.55
27-09-2024,13766.81,6314.31,4319.43,1017.96
28-09-2024,11940.89,4779.59,2899.4,1146.46
29-09-2024,11717.47,6970.01,4541.18,523.59
30-09-2024,13363.34,7431.02,3373.99,898.01
01-10-2024,13438.95,6189.76,2197.08,728.24
02-10-2024,13096.75,7196.52,3421.43,557.84
03-10-2024,11561.81,6839.48,4828.17,1285.19
04-10-2024,13230.89,7840.01,2226.82,865.68
05-10-2024,13445.7,5984.36,2587.5,640.8
06-10-2024,14501.64,7477.91,2440.89,1311.12
07-10-2024,13782.69,7266.11,3164.5,1174.13
08-10-2024,12419.14,7246.53,2871.51,969.99
09-10-2024,11977.42,6923.29,4123.16,562.2
10-10-2024,12404.86,5295.07,4873.8,1029.66
11-10-2024,15334.54,6875.68,3501.81,1179.62
12-10-2024,13059.96,7331.77,3378.99,1046.58
13-10-2024,12897.55,6275.48,2131.7,665.75
14-10-2024,11836.04,4852.73,4530.95,1481.19
15-10-2024,12998.35,7261.25,4561.35,741.98
16-10-2024,11671.88,5688.86,3780.68,573.08
17-10-2024,13737.17,7204.72,4943.53,690.11
18-10-2024,13705.89,7558.28,2485.01,976.9
19-10-2024,13304.15,7233.02,2742.02,1140.62
20-10-2024,12333.56,6327.33,4314.88,998.9
21-10-2024,13767.41,5540.29,2027.12,857.03
22-10-2024,12049.59,5595.04,4544.13,1228.86
23-10-2024,13909.52,5829.2,3286.11,529.17
24-10-2024,15409.72,6529.11,2866.65,897.84
25-10-2024,13067.97,7630.47,4979.77,544.91
26-10-2024,12670.63,6062.79,4262.79,1418.43
27-10-2024,14646.3,8644.04,3731.37,857.12
28-10-2024,12645.37,6484.73,3075.74,1156.63
29-10-2024,14125.63,6329.41,2574.78,1418.24
30-10-2024,13354.27,5931.57,2116.79,536.02
31-10-2024,12391.06,5390.66,4600.31,782.48
01-11-2024,16455.89,8019.33,3740.27,1016.7
02-11-2024,16939.41,9346.41,2847.49,853.05
03-11-2024,16170.88,8992.19,3429.01,997.54
04-11-2024,17286.65,7622.31,3773.39,686.14
05-11-2024,17256.89,7617.45,2213.47,569.01
06-11-2024,15954.24,9383.6,3520.76,909.41
07-11-2024,16816.74,7843.97,4080.85,1271.12
08-11-2024,16789.29,8913.94,2454.79,1375.88
09-11-2024,14611.41,7087.2,2112.71,627.87
10-11-2024,16714.65,9245.03,2000.03,916.57
11-11-2024,15724.29,9349.91,2678.38,804.2
12-11-2024,16439.15,7574.97,2691.25,501.47
13-11-2024,17089.37,9371.46,4545.28,922.63
14-11-2024,15266.21,7031.4,2975.89,1212.62
15-11-2024,15955.6,7565.96,4705.82,1306.69
16-11-2024,16887.06,10081.1,4262.74,893.2
17-11-2024,18168.9,7552.65,3633.49,1209.32
18-11-2024,17413.86,7548.29,4341.9,1083.77
19-11-2024,17090.45,7849.85,4143.27,1259.01
20-11-2024,14941.92,6283.12,3541.56,1008.89
21-11-2024,17056.72,9645.6,4091.63,1214.33
22-11-2024,16271.8,8011.31,4762.98,1194.6
23-11-2024,17125.92,7789.12,4421.21,695.24
24-11-2024,16886.59,7920.96,3006.83,1478.53
25-11-2024,16909.5,9222.63,3686.22,1447.09
26-11-2024,17253.94,8614.06,3141.55,663.04
27-11-2024,17175.54,8190.52,2075.58,1339
28-11-2024,17334.1,6973.22,4111.1,1470.26
29-11-2024,14972.13,8099.53,4451.38,1046.43
30-11-2024,16137.97,9576.39,2155.01,1004.8
01-12-2024,17198.83,7496.13,4400.01,1052.71
02-12-2024,16925.97,8112.8,2395.15,1365.3
03-12-2024,16031.16,7342.42,4614.24,1172.7
04-12-2024,15652.22,8754.86,2751.4,1124.87
05-12-2024,17731.94,10306.11,2036.47,1174.02
06-12-2024,16786.25,6888.53,3646.58,787.63
07-12-2024,15500.63,8126.34,3002.15,1232.7
08-12-2024,15182.33,7301.27,2205.06,1283.76
09-12-2024,16004.2,8595.68,2997.37,556.59
10-12-2024,14837.64,7044.68,4833.35,1141.73
11-12-2024,17667.4,7770.09,3255,1250.94
12-12-2024,18003.5,7566.41,2833.56,776.32
13-12-2024,16903.79,6989.72,3556.1,679.36
14-12-2024,16516.35,9812.95,2339.91,903.6
15-12-2024,17460.2,8460.26,3039.57,897.61
16-12-2024,17610.25,7974.89,2616,983.04
17-12-2024,15658.14,8319.97,4905.61,1103.64
18-12-2024,15581.04,6472.3,2226.75,1451.42
19-12-2024,16043.32,8339.46,3870.95,1148.5
20-12-2024,16323.34,7402.32,2045.33,1465.02
21-12-2024,17411.4,9425.24,3830.02,812.91
22-12-2024,15456.74,7020.75,3793,1366.1
23-12-2024,17161.48,7560.09,3762.76,1201.14
24-12-2024,16955.59,9088.58,3224.46,515.39
25-12-2024,15088.89,7394.32,4872.74,899.04
26-12-2024,17139.25,9734.42,2565.62,1172.46
27-12-2024,16606.45,6950.22,4245.15,1414.55
28-12-2024,16460.65,8013.11,2776.13,934.4
29-12-2024,18389.58,9701.2,2726.07,1214.05
30-12-2024,18026.45,7540.07,2597.81,1377.47
31-12-2024,15866.23,7205.83,2742.68,562.53
